{
  "feature_names": [
    "fixed acidity",
    "volatile acidity",
    "citric acid",
    "residual sugar",
    "chlorides",
    "free sulfur dioxide",
    "total sulfur dioxide",
    "density",
    "pH",
    "sulphates",
    "alcohol"
  ],
  "means": [
    8.310596026490067,
    0.5294775570272259,
    0.2723325974981604,
    2.5233995584988964,
    0.08812362030905077,
    15.893303899926417,
    46.82597498160412,
    0.9967089477557026,
    3.309786607799853,
    0.6587049300956587,
    10.432315428010792
  ],
  "stds": [
    1.7369898075324683,
    0.1830313176190719,
    0.1955365445504638,
    1.3523137577104225,
    0.04937686244348607,
    10.447270259048693,
    33.40894570661652,
    0.0018689171325591413,
    0.15503631128729617,
    0.17066689057420686,
    1.0820654499402542
  ]
}